,source_accuracy,target_accuracy,source_auc,target_auc,replicate,batch_size,learning_rate,enc_learning_rate,disc_learning_rate,lambda_val,target_num,target_prop,epochs,iwcdan
0,1.0,0.46,1.0,,7,16,0.001,0.001,0.001,0.1,50,1.0,50,False
1,1.0,0.44,1.0,,9,16,0.001,0.001,0.001,0.1,50,1.0,50,False
2,0.999,0.48,1.0,,3,16,0.001,0.001,0.001,0.1,50,1.0,50,False
3,0.997,0.44,1.0,,10,16,0.001,0.001,0.001,0.1,50,1.0,50,False
4,1.0,0.44,1.0,,4,16,0.001,0.001,0.001,0.1,50,1.0,50,False
5,0.999,0.48,1.0,,6,16,0.001,0.001,0.001,0.1,50,1.0,50,False
6,0.998,0.48,1.0,,1,16,0.001,0.001,0.001,0.1,50,1.0,50,False
7,1.0,0.48,1.0,,5,16,0.001,0.001,0.001,0.1,50,1.0,50,False
8,1.0,0.5,1.0,,2,16,0.001,0.001,0.001,0.1,50,1.0,50,False
9,0.998,0.44,1.0,,8,16,0.001,0.001,0.001,0.1,50,1.0,50,False
10,0.999,0.54,1.0,,1,16,0.001,0.001,0.001,0.5,50,0.0,50,False
11,0.999,0.62,1.0,,6,16,0.001,0.001,0.001,0.5,50,0.0,50,False
12,0.999,0.54,1.0,,8,16,0.001,0.001,0.001,0.5,50,0.0,50,False
13,1.0,0.46,1.0,,2,16,0.001,0.001,0.001,0.5,50,0.0,50,False
14,0.999,0.54,0.9999,,5,16,0.001,0.001,0.001,0.5,50,0.0,50,False
15,0.999,0.54,1.0,,7,16,0.001,0.001,0.001,0.5,50,0.0,50,False
16,1.0,0.54,1.0,,4,16,0.001,0.001,0.001,0.5,50,0.0,50,False
17,0.996,0.5,0.9997240000000001,,3,16,0.001,0.001,0.001,0.5,50,0.0,50,False
18,1.0,0.46,1.0,,9,16,0.001,0.001,0.001,0.5,50,0.0,50,False
19,1.0,0.56,1.0,,10,16,0.001,0.001,0.001,0.5,50,0.0,50,False
20,1.0,0.7959183673469388,1.0,0.7229729729729729,9,16,0.001,0.001,0.001,0.0,50,0.75,50,False
21,0.998,0.6530612244897959,1.0,0.8783783783783784,3,16,0.001,0.001,0.001,0.0,50,0.75,50,False
22,1.0,0.8367346938775511,1.0,0.9391891891891891,10,16,0.001,0.001,0.001,0.0,50,0.75,50,False
23,1.0,0.7755102040816326,1.0,0.8828828828828829,4,16,0.001,0.001,0.001,0.0,50,0.75,50,False
24,1.0,0.8163265306122449,1.0,0.9436936936936937,7,16,0.001,0.001,0.001,0.0,50,0.75,50,False
25,1.0,0.8775510204081632,1.0,0.954954954954955,5,16,0.001,0.001,0.001,0.0,50,0.75,50,False
26,0.999,0.9183673469387755,1.0,0.9572072072072072,2,16,0.001,0.001,0.001,0.0,50,0.75,50,False
27,1.0,0.8775510204081632,1.0,0.8355855855855856,8,16,0.001,0.001,0.001,0.0,50,0.75,50,False
28,0.999,0.7346938775510204,1.0,1.0,6,16,0.001,0.001,0.001,0.0,50,0.75,50,False
29,0.999,0.8979591836734694,1.0,0.8108108108108109,1,16,0.001,0.001,0.001,0.0,50,0.75,50,False
30,0.998,0.78,1.0,,6,16,0.001,0.001,0.001,0.0,50,0.0,50,False
31,1.0,0.84,1.0,,1,16,0.001,0.001,0.001,0.0,50,0.0,50,False
32,1.0,0.86,1.0,,5,16,0.001,0.001,0.001,0.0,50,0.0,50,False
33,0.999,0.9,1.0,,2,16,0.001,0.001,0.001,0.0,50,0.0,50,False
34,1.0,0.86,1.0,,8,16,0.001,0.001,0.001,0.0,50,0.0,50,False
35,0.999,0.74,0.999992,,7,16,0.001,0.001,0.001,0.0,50,0.0,50,False
36,1.0,0.92,1.0,,10,16,0.001,0.001,0.001,0.0,50,0.0,50,False
37,1.0,0.78,1.0,,9,16,0.001,0.001,0.001,0.0,50,0.0,50,False
38,0.998,0.74,1.0,,3,16,0.001,0.001,0.001,0.0,50,0.0,50,False
39,0.998,0.8,1.0,,4,16,0.001,0.001,0.001,0.0,50,0.0,50,False
40,0.999,1.0,1.0,1.0,1,16,0.001,0.001,0.001,0.1,50,0.5,50,False
41,0.998,0.96,1.0,0.9936,6,16,0.001,0.001,0.001,0.1,50,0.5,50,False
42,0.998,0.94,1.0,0.9328,2,16,0.001,0.001,0.001,0.1,50,0.5,50,False
43,0.999,0.96,1.0,0.984,8,16,0.001,0.001,0.001,0.1,50,0.5,50,False
44,1.0,0.94,1.0,0.9328,5,16,0.001,0.001,0.001,0.1,50,0.5,50,False
45,0.999,0.98,1.0,0.96,7,16,0.001,0.001,0.001,0.1,50,0.5,50,False
46,1.0,0.96,1.0,0.9663999999999999,4,16,0.001,0.001,0.001,0.1,50,0.5,50,False
47,0.999,0.96,1.0,0.9808,9,16,0.001,0.001,0.001,0.1,50,0.5,50,False
48,1.0,0.94,1.0,0.9824,3,16,0.001,0.001,0.001,0.1,50,0.5,50,False
49,0.999,0.9,1.0,0.9248000000000001,10,16,0.001,0.001,0.001,0.1,50,0.5,50,False
50,0.997,0.7142857142857143,0.999996,0.9144144144144145,7,16,0.001,0.001,0.001,0.0,50,0.25,50,False
51,0.999,0.9387755102040817,1.0,0.9313063063063065,4,16,0.001,0.001,0.001,0.0,50,0.25,50,False
52,1.0,0.7959183673469388,1.0,0.8243243243243245,3,16,0.001,0.001,0.001,0.0,50,0.25,50,False
53,0.999,0.8571428571428571,1.0,0.9009009009009009,9,16,0.001,0.001,0.001,0.0,50,0.25,50,False
54,0.999,0.8775510204081632,1.0,0.936936936936937,10,16,0.001,0.001,0.001,0.0,50,0.25,50,False
55,1.0,0.8367346938775511,1.0,0.8896396396396397,1,16,0.001,0.001,0.001,0.0,50,0.25,50,False
56,0.999,0.6326530612244898,1.0,0.8490990990990992,6,16,0.001,0.001,0.001,0.0,50,0.25,50,False
57,0.999,0.8367346938775511,1.0,0.9144144144144144,8,16,0.001,0.001,0.001,0.0,50,0.25,50,False
58,1.0,0.7755102040816326,1.0,0.8006756756756758,2,16,0.001,0.001,0.001,0.0,50,0.25,50,False
59,1.0,0.7755102040816326,1.0,0.8288288288288289,5,16,0.001,0.001,0.001,0.0,50,0.25,50,False
60,1.0,0.72,1.0,,4,16,0.001,0.001,0.001,1.0,50,0.0,50,False
61,0.998,0.56,1.0,,10,16,0.001,0.001,0.001,1.0,50,0.0,50,False
62,1.0,0.52,1.0,,9,16,0.001,0.001,0.001,1.0,50,0.0,50,False
63,0.999,0.52,1.0,,3,16,0.001,0.001,0.001,1.0,50,0.0,50,False
64,1.0,0.54,1.0,,7,16,0.001,0.001,0.001,1.0,50,0.0,50,False
65,0.998,0.48,0.998328,,2,16,0.001,0.001,0.001,1.0,50,0.0,50,False
66,0.998,0.52,1.0,,8,16,0.001,0.001,0.001,1.0,50,0.0,50,False
67,0.999,0.52,1.0,,5,16,0.001,0.001,0.001,1.0,50,0.0,50,False
68,1.0,0.54,1.0,,1,16,0.001,0.001,0.001,1.0,50,0.0,50,False
69,0.999,0.48,0.999956,,6,16,0.001,0.001,0.001,1.0,50,0.0,50,False
70,0.998,0.44,1.0,,5,16,0.001,0.001,0.001,1.0,50,1.0,50,False
71,0.999,0.46,1.0,,2,16,0.001,0.001,0.001,1.0,50,1.0,50,False
72,1.0,0.5,1.0,,8,16,0.001,0.001,0.001,1.0,50,1.0,50,False
73,0.999,0.48,1.0,,6,16,0.001,0.001,0.001,1.0,50,1.0,50,False
74,1.0,0.5,1.0,,1,16,0.001,0.001,0.001,1.0,50,1.0,50,False
75,0.999,0.48,1.0,,10,16,0.001,0.001,0.001,1.0,50,1.0,50,False
76,1.0,0.48,1.0,,9,16,0.001,0.001,0.001,1.0,50,1.0,50,False
77,1.0,0.44,1.0,,3,16,0.001,0.001,0.001,1.0,50,1.0,50,False
78,1.0,0.46,1.0,,4,16,0.001,0.001,0.001,1.0,50,1.0,50,False
79,0.991,0.56,1.0,,7,16,0.001,0.001,0.001,1.0,50,1.0,50,False
80,0.999,0.98,1.0,,7,16,0.001,0.001,0.001,0.0,50,1.0,50,False
81,1.0,0.5,1.0,,9,16,0.001,0.001,0.001,0.0,50,1.0,50,False
82,1.0,0.44,1.0,,3,16,0.001,0.001,0.001,0.0,50,1.0,50,False
83,1.0,0.62,1.0,,10,16,0.001,0.001,0.001,0.0,50,1.0,50,False
84,1.0,0.46,1.0,,4,16,0.001,0.001,0.001,0.0,50,1.0,50,False
85,1.0,0.56,1.0,,6,16,0.001,0.001,0.001,0.0,50,1.0,50,False
86,1.0,0.82,1.0,,1,16,0.001,0.001,0.001,0.0,50,1.0,50,False
87,1.0,0.58,1.0,,5,16,0.001,0.001,0.001,0.0,50,1.0,50,False
88,1.0,0.74,1.0,,2,16,0.001,0.001,0.001,0.0,50,1.0,50,False
89,1.0,0.88,1.0,,8,16,0.001,0.001,0.001,0.0,50,1.0,50,False
90,0.999,0.76,1.0,0.7928,6,16,0.001,0.001,0.001,0.5,50,0.5,50,False
91,0.997,0.96,1.0,1.0,1,16,0.001,0.001,0.001,0.5,50,0.5,50,False
92,0.998,0.94,1.0,0.9648,5,16,0.001,0.001,0.001,0.5,50,0.5,50,False
93,1.0,0.94,1.0,0.9336,2,16,0.001,0.001,0.001,0.5,50,0.5,50,False
94,0.996,0.94,0.999532,0.9280000000000002,8,16,0.001,0.001,0.001,0.5,50,0.5,50,False
95,1.0,0.98,1.0,0.98,7,16,0.001,0.001,0.001,0.5,50,0.5,50,False
96,0.998,0.9,1.0,0.9384000000000001,9,16,0.001,0.001,0.001,0.5,50,0.5,50,False
97,0.999,0.96,1.0,0.9728,3,16,0.001,0.001,0.001,0.5,50,0.5,50,False
98,0.997,0.94,1.0,0.96,10,16,0.001,0.001,0.001,0.5,50,0.5,50,False
99,0.997,0.96,1.0,0.9968,4,16,0.001,0.001,0.001,0.5,50,0.5,50,False
100,0.999,0.8,1.0,0.8976,7,16,0.001,0.001,0.001,0.0,50,0.5,50,False
101,0.999,0.9,1.0,0.9536,10,16,0.001,0.001,0.001,0.0,50,0.5,50,False
102,1.0,0.68,1.0,0.8576,3,16,0.001,0.001,0.001,0.0,50,0.5,50,False
103,1.0,0.68,1.0,0.8328,9,16,0.001,0.001,0.001,0.0,50,0.5,50,False
104,1.0,0.8,1.0,0.9072,4,16,0.001,0.001,0.001,0.0,50,0.5,50,False
105,1.0,0.66,1.0,0.8655999999999999,6,16,0.001,0.001,0.001,0.0,50,0.5,50,False
106,1.0,0.72,1.0,0.824,1,16,0.001,0.001,0.001,0.0,50,0.5,50,False
107,1.0,0.72,1.0,0.7872,5,16,0.001,0.001,0.001,0.0,50,0.5,50,False
108,0.999,0.88,1.0,0.8583999999999998,8,16,0.001,0.001,0.001,0.0,50,0.5,50,False
109,1.0,0.86,1.0,0.8976,2,16,0.001,0.001,0.001,0.0,50,0.5,50,False
110,1.0,0.8367346938775511,1.0,0.9481981981981982,1,16,0.001,0.001,0.001,1.0,50,0.25,50,False
111,0.998,0.7142857142857143,1.0,0.8806306306306306,6,16,0.001,0.001,0.001,1.0,50,0.25,50,False
112,0.997,0.7346938775510204,1.0,0.8941441441441441,2,16,0.001,0.001,0.001,1.0,50,0.25,50,False
113,0.998,0.7551020408163265,1.0,0.8018018018018018,8,16,0.001,0.001,0.001,1.0,50,0.25,50,False
114,0.999,0.7142857142857143,1.0,0.8243243243243243,5,16,0.001,0.001,0.001,1.0,50,0.25,50,False
115,0.999,0.46938775510204084,0.999992,0.44594594594594594,7,16,0.001,0.001,0.001,1.0,50,0.25,50,False
116,0.998,0.7755102040816326,1.0,0.8761261261261262,4,16,0.001,0.001,0.001,1.0,50,0.25,50,False
117,0.999,0.7755102040816326,1.0,0.8310810810810811,9,16,0.001,0.001,0.001,1.0,50,0.25,50,False
118,0.999,0.7346938775510204,1.0,0.6914414414414414,3,16,0.001,0.001,0.001,1.0,50,0.25,50,False
119,0.998,0.7755102040816326,1.0,0.9414414414414415,10,16,0.001,0.001,0.001,1.0,50,0.25,50,False
120,1.0,0.5918367346938775,1.0,0.6948198198198199,8,16,0.001,0.001,0.001,0.5,50,0.75,50,False
121,1.0,0.7142857142857143,1.0,0.8243243243243243,2,16,0.001,0.001,0.001,0.5,50,0.75,50,False
122,0.999,0.6938775510204082,1.0,0.8141891891891893,5,16,0.001,0.001,0.001,0.5,50,0.75,50,False
123,1.0,0.6326530612244898,1.0,0.6869369369369369,1,16,0.001,0.001,0.001,0.5,50,0.75,50,False
124,1.0,0.6530612244897959,1.0,0.7972972972972974,6,16,0.001,0.001,0.001,0.5,50,0.75,50,False
125,1.0,0.7142857142857143,1.0,0.7635135135135136,4,16,0.001,0.001,0.001,0.5,50,0.75,50,False
126,0.999,0.7959183673469388,1.0,0.9099099099099099,3,16,0.001,0.001,0.001,0.5,50,0.75,50,False
127,0.999,0.5918367346938775,1.0,0.6317567567567568,9,16,0.001,0.001,0.001,0.5,50,0.75,50,False
128,0.998,0.6122448979591837,1.0,0.7612612612612613,10,16,0.001,0.001,0.001,0.5,50,0.75,50,False
129,1.0,0.7142857142857143,1.0,0.811936936936937,7,16,0.001,0.001,0.001,0.5,50,0.75,50,False
130,0.998,0.5714285714285714,1.0,0.7083333333333333,10,16,0.001,0.001,0.001,0.1,50,0.75,50,False
131,0.998,0.6326530612244898,1.0,0.7702702702702703,3,16,0.001,0.001,0.001,0.1,50,0.75,50,False
132,0.997,0.7142857142857143,1.0,0.7623873873873873,9,16,0.001,0.001,0.001,0.1,50,0.75,50,False
133,0.999,0.9387755102040817,0.999996,0.8400900900900902,4,16,0.001,0.001,0.001,0.1,50,0.75,50,False
134,0.999,0.7346938775510204,1.0,0.8367117117117117,7,16,0.001,0.001,0.001,0.1,50,0.75,50,False
135,0.999,0.8163265306122449,1.0,0.8682432432432432,5,16,0.001,0.001,0.001,0.1,50,0.75,50,False
136,1.0,0.673469387755102,1.0,0.759009009009009,8,16,0.001,0.001,0.001,0.1,50,0.75,50,False
137,0.999,0.9183673469387755,1.0,0.9572072072072072,2,16,0.001,0.001,0.001,0.1,50,0.75,50,False
138,1.0,0.6326530612244898,1.0,0.731981981981982,6,16,0.001,0.001,0.001,0.1,50,0.75,50,False
139,0.999,0.6938775510204082,1.0,0.7747747747747747,1,16,0.001,0.001,0.001,0.1,50,0.75,50,False
140,1.0,0.58,1.0,,6,16,0.001,0.001,0.001,0.1,50,0.0,50,False
141,0.998,0.58,1.0,,1,16,0.001,0.001,0.001,0.1,50,0.0,50,False
142,1.0,0.46,1.0,,5,16,0.001,0.001,0.001,0.1,50,0.0,50,False
143,0.999,0.6,1.0,,2,16,0.001,0.001,0.001,0.1,50,0.0,50,False
144,0.997,0.54,0.999992,,8,16,0.001,0.001,0.001,0.1,50,0.0,50,False
145,0.999,0.66,1.0,,7,16,0.001,0.001,0.001,0.1,50,0.0,50,False
146,0.998,0.6,1.0,,10,16,0.001,0.001,0.001,0.1,50,0.0,50,False
147,1.0,0.52,1.0,,9,16,0.001,0.001,0.001,0.1,50,0.0,50,False
148,0.999,0.48,1.0,,3,16,0.001,0.001,0.001,0.1,50,0.0,50,False
149,0.999,0.68,1.0,,4,16,0.001,0.001,0.001,0.1,50,0.0,50,False
150,0.994,0.62,0.999996,,7,16,0.001,0.001,0.001,0.5,50,1.0,50,False
151,0.998,0.48,0.999992,,4,16,0.001,0.001,0.001,0.5,50,1.0,50,False
152,1.0,0.48,1.0,,3,16,0.001,0.001,0.001,0.5,50,1.0,50,False
153,0.999,0.48,1.0,,9,16,0.001,0.001,0.001,0.5,50,1.0,50,False
154,0.997,0.54,1.0,,10,16,0.001,0.001,0.001,0.5,50,1.0,50,False
155,0.996,0.5,1.0,,1,16,0.001,0.001,0.001,0.5,50,1.0,50,False
156,1.0,0.48,1.0,,6,16,0.001,0.001,0.001,0.5,50,1.0,50,False
157,0.999,0.48,1.0,,8,16,0.001,0.001,0.001,0.5,50,1.0,50,False
158,1.0,0.48,1.0,,2,16,0.001,0.001,0.001,0.5,50,1.0,50,False
159,0.999,0.48,1.0,,5,16,0.001,0.001,0.001,0.5,50,1.0,50,False
160,1.0,0.6938775510204082,1.0,0.8288288288288289,1,16,0.001,0.001,0.001,0.5,50,0.25,50,False
161,0.998,0.6938775510204082,1.0,0.795045045045045,6,16,0.001,0.001,0.001,0.5,50,0.25,50,False
162,0.999,0.8367346938775511,1.0,0.9346846846846847,2,16,0.001,0.001,0.001,0.5,50,0.25,50,False
163,0.998,0.7755102040816326,1.0,0.9459459459459459,8,16,0.001,0.001,0.001,0.5,50,0.25,50,False
164,0.999,0.7959183673469388,1.0,0.8896396396396398,5,16,0.001,0.001,0.001,0.5,50,0.25,50,False
165,0.999,0.7551020408163265,1.0,0.8468468468468469,7,16,0.001,0.001,0.001,0.5,50,0.25,50,False
166,0.998,0.8367346938775511,1.0,0.9234234234234235,4,16,0.001,0.001,0.001,0.5,50,0.25,50,False
167,1.0,0.8163265306122449,1.0,0.8873873873873873,9,16,0.001,0.001,0.001,0.5,50,0.25,50,False
168,0.998,0.7959183673469388,1.0,0.8310810810810811,3,16,0.001,0.001,0.001,0.5,50,0.25,50,False
169,0.998,0.8163265306122449,1.0,0.9144144144144144,10,16,0.001,0.001,0.001,0.5,50,0.25,50,False
170,0.998,0.6122448979591837,0.999996,0.7635135135135135,7,16,0.001,0.001,0.001,1.0,50,0.75,50,False
171,0.998,0.5714285714285714,1.0,0.7072072072072072,10,16,0.001,0.001,0.001,1.0,50,0.75,50,False
172,1.0,0.7346938775510204,1.0,0.9504504504504504,3,16,0.001,0.001,0.001,1.0,50,0.75,50,False
173,1.0,0.5306122448979592,1.0,0.4977477477477477,9,16,0.001,0.001,0.001,1.0,50,0.75,50,False
174,1.0,0.5510204081632653,1.0,0.6126126126126126,4,16,0.001,0.001,0.001,1.0,50,0.75,50,False
175,1.0,0.673469387755102,1.0,0.7657657657657657,6,16,0.001,0.001,0.001,1.0,50,0.75,50,False
176,0.999,0.673469387755102,1.0,0.847972972972973,1,16,0.001,0.001,0.001,1.0,50,0.75,50,False
177,1.0,0.5714285714285714,1.0,0.7094594594594594,5,16,0.001,0.001,0.001,1.0,50,0.75,50,False
178,1.0,0.7142857142857143,1.0,0.7972972972972974,8,16,0.001,0.001,0.001,1.0,50,0.75,50,False
179,0.997,0.6530612244897959,0.99998,0.7815315315315315,2,16,0.001,0.001,0.001,1.0,50,0.75,50,False
180,1.0,0.86,1.0,0.916,2,16,0.001,0.001,0.001,1.0,50,0.5,50,False
181,1.0,0.96,1.0,0.9616,8,16,0.001,0.001,0.001,1.0,50,0.5,50,False
182,0.997,0.98,1.0,0.9935999999999999,5,16,0.001,0.001,0.001,1.0,50,0.5,50,False
183,0.999,0.84,1.0,0.94,1,16,0.001,0.001,0.001,1.0,50,0.5,50,False
184,0.998,0.86,1.0,0.9144,6,16,0.001,0.001,0.001,1.0,50,0.5,50,False
185,1.0,0.86,1.0,0.9296,4,16,0.001,0.001,0.001,1.0,50,0.5,50,False
186,1.0,0.98,1.0,0.9935999999999999,9,16,0.001,0.001,0.001,1.0,50,0.5,50,False
187,0.999,0.94,1.0,0.9615999999999999,3,16,0.001,0.001,0.001,1.0,50,0.5,50,False
188,1.0,0.96,1.0,0.9952,10,16,0.001,0.001,0.001,1.0,50,0.5,50,False
189,0.989,0.78,1.0,0.8512000000000001,7,16,0.001,0.001,0.001,1.0,50,0.5,50,False
190,0.999,0.9183673469387755,1.0,0.945945945945946,7,16,0.001,0.001,0.001,0.1,50,0.25,50,False
191,0.999,0.8367346938775511,0.999996,0.8918918918918919,4,16,0.001,0.001,0.001,0.1,50,0.25,50,False
192,0.998,0.8775510204081632,1.0,0.972972972972973,10,16,0.001,0.001,0.001,0.1,50,0.25,50,False
193,0.999,0.8979591836734694,1.0,0.9436936936936937,3,16,0.001,0.001,0.001,0.1,50,0.25,50,False
194,1.0,0.8367346938775511,1.0,0.9144144144144145,9,16,0.001,0.001,0.001,0.1,50,0.25,50,False
195,0.998,0.7755102040816326,0.999964,0.9144144144144145,1,16,0.001,0.001,0.001,0.1,50,0.25,50,False
196,0.999,0.8775510204081632,1.0,0.9617117117117118,6,16,0.001,0.001,0.001,0.1,50,0.25,50,False
197,0.998,0.7755102040816326,0.9999439999999999,0.9121621621621622,8,16,0.001,0.001,0.001,0.1,50,0.25,50,False
198,0.999,0.8163265306122449,1.0,0.8873873873873875,2,16,0.001,0.001,0.001,0.1,50,0.25,50,False
199,0.997,0.9183673469387755,1.0,0.9639639639639641,5,16,0.001,0.001,0.001,0.1,50,0.25,50,False
